3C数码配件,MP3/MP4配件,家用电器,影音电器
3C数码配件,USB电脑周边,电脑办公,电脑配件外设
3C数码配件,单反/单电相机配件,家用电器,数码相机
3C数码配件,家电影音周边配件,家用电器,影音电器
3C数码配件,干电池/充电电池/套装,电脑办公,办公设备文具耗材
3C数码配件,平板电脑配件,电脑办公,网络产品
3C数码配件,手机配件,家用电器,手机
3C数码配件,摄像机配件,家用电器,数码相机
3C数码配件,数码包/收纳/整理,家用电器,数码相机
3C数码配件,数码周边,家用电器,数码相机
3C数码配件,数码相机配件,家用电器,数码相机
3C数码配件,电子书配件,电脑办公,网络产品
3C数码配件,移动电源,电脑办公,办公设备文具耗材
3C数码配件,笔记本电脑配件,电脑办公,电脑配件外设
3C数码配件,胶片相机配件,家用电器,数码相机
3C数码配件,苹果专用配件,电脑办公,电脑配件外设
3C数码配件,车载手机配件,电脑办公,电脑配件外设
DIY电脑,DIY兼容机,电脑办公,电脑
MP3/MP4/iPod/录音笔,MP3/MP4/iPod/录音笔,电脑办公,办公设备文具耗材
OTC药品/医疗器械/计生用品,计生用品,医药保健,成人用品
ZIPPO/瑞士军刀/眼镜,功能眼镜,礼品,工艺礼品
ZIPPO/瑞士军刀/眼镜,品牌打火机及配件,礼品,烟具
ZIPPO/瑞士军刀/眼镜,太阳眼镜,礼品,手表眼镜
ZIPPO/瑞士军刀/眼镜,框架眼镜,礼品,手表眼镜
ZIPPO/瑞士军刀/眼镜,滴眼液、护眼用品,礼品,手表眼镜
ZIPPO/瑞士军刀/眼镜,烟具,礼品,烟具
ZIPPO/瑞士军刀/眼镜,眼镜架,礼品,手表眼镜
ZIPPO/瑞士军刀/眼镜,眼镜配件、护理剂,礼品,手表眼镜
个人护理/保健/按摩器材,其它个人护理,个人健康,美容美体
个人护理/保健/按摩器材,口腔护理,个人健康,口腔护理
个人护理/保健/按摩器材,各类配件,个人健康,口腔护理
个人护理/保健/按摩器材,家用保健器材,个人健康,按摩足浴
个人护理/保健/按摩器材,按摩器材,个人健康,按摩足浴
个人护理/保健/按摩器材,清洁美容工具,个人健康,按摩足浴
个人护理/保健/按摩器材,经络保健器材,个人健康,按摩足浴
个人护理/保健/按摩器材,美体塑身,个人健康,美容美体
个人护理/保健/按摩器材,美发工具,个人健康,头发护理
个人护理/保健/按摩器材,美容/美体辅助工具,个人健康,美容美体
传统滋补营养品,三七,医药保健,滋补养生
传统滋补营养品,其他传统滋补品,医药保健,滋补养生
传统滋补营养品,其他传统营养品,医药保健,滋补养生
传统滋补营养品,养生茶,医药保健,滋补养生
传统滋补营养品,参类滋补品,医药保健,滋补养生
传统滋补营养品,参茸贵细,医药保健,滋补养生
传统滋补营养品,山药,医药保健,滋补养生
传统滋补营养品,新食品原料,医药保健,滋补养生
传统滋补营养品,枸杞及其制品,医药保健,滋补养生
传统滋补营养品,灵芝,医药保健,滋补养生
传统滋补营养品,燕窝滋补品,医药保健,滋补养生
传统滋补营养品,石斛/枫斗,医药保健,滋补养生
传统滋补营养品,药食同源食品,医药保健,滋补养生
传统滋补营养品,蜂产品,医药保健,滋补养生
传统滋补营养品,蜂蜜,医药保健,滋补养生
传统滋补营养品,阿胶膏方,医药保健,滋补养生
传统滋补营养品,雪蛤/林蛙油,医药保健,滋补养生
住宅家具,几类,家居用品,家具灯具建材
住宅家具,坐具类,家居用品,家具灯具建材
住宅家具,家具辅料,家居用品,家具灯具建材
住宅家具,床类,家居用品,家具灯具建材
住宅家具,架类,家居用品,家具灯具建材
住宅家具,柜类,家居用品,家具灯具建材
住宅家具,桌类,家居用品,家具灯具建材
住宅家具,沙发类,家居用品,家具灯具建材
住宅家具,镜子类,家居用品,家具灯具建材
保健食品/膳食营养补充食品,保健食品,医药保健,营养健康
保健食品/膳食营养补充食品,普通膳食营养食品,医药保健,营养健康
保健食品/膳食营养补充食品,海外膳食营养补充食品,医药保健,营养健康
全屋定制,地暖/暖气片/散热器,家居用品,家具灯具建材
全屋定制,整体厨柜及配件,家居用品,家具灯具建材
办公设备/耗材/相关服务,其它办公设备,电脑办公,办公设备文具耗材
办公设备/耗材/相关服务,其它耗材,电脑办公,办公设备文具耗材
办公设备/耗材/相关服务,办公用纸,电脑办公,办公设备文具耗材
办公设备/耗材/相关服务,办公设备配件及相关服务,电脑办公,办公设备文具耗材
办公设备/耗材/相关服务,包装设备/标牌及耗材,电脑办公,办公设备文具耗材
办公设备/耗材/相关服务,墨水,电脑办公,办公设备文具耗材
办公设备/耗材/相关服务,墨粉硒鼓耗材类,电脑办公,办公设备文具耗材
办公设备/耗材/相关服务,条码扫描/采集器材,电脑办公,办公设备文具耗材
办公设备/耗材/相关服务,点/验钞/收款机及配件,电脑办公,办公设备文具耗材
办公设备/耗材/相关服务,磁盘刻录存储类,电脑办公,办公设备文具耗材
办公设备/耗材/相关服务,胶带,电脑办公,办公设备文具耗材
厨房/烹饪用具,厨用小工具/厨房储物,厨卫用品,厨卫小家电
厨房/烹饪用具,烧烤/烘焙用具,厨卫用品,厨卫小家电
厨房/烹饪用具,烹饪用具,厨卫用品,厨卫小家电
厨房电器,保健/养生/煎药壶,厨卫用品,厨卫小家电
厨房电器,其它厨房家电,厨卫用品,厨卫小家电
厨房电器,净水器,厨卫用品,厨卫小家电
厨房电器,厨房家电配件,厨卫用品,厨卫小家电
厨房电器,商用厨电,厨卫用品,厨卫小家电
厨房电器,多士炉,厨卫用品,厨卫小家电
厨房电器,定时器/提醒器,厨卫用品,厨卫小家电
厨房电器,搅拌/料理机,厨卫用品,厨卫小家电
厨房电器,榨汁机,厨卫用品,厨卫小家电
厨房电器,电动打蛋器,厨卫用品,厨卫小家电
厨房电器,电热杯,厨卫用品,厨卫小家电
厨房电器,电热水壶,厨卫用品,厨卫小家电
厨房电器,电热饭盒,厨卫用品,厨卫小家电
厨房电器,电锅煲类,厨卫用品,厨卫小家电
厨房电器,电饼铛/可丽饼机,厨卫用品,厨卫小家电
古董/邮币/字画/收藏,书法/绘画,礼品,古董文玩收藏品
古董/邮币/字画/收藏,其它收藏品,礼品,古董文玩收藏品
古董/邮币/字画/收藏,宗教用品,礼品,古董文玩收藏品
古董/邮币/字画/收藏,收藏品保养/鉴定工具,礼品,古董文玩收藏品
古董/邮币/字画/收藏,文房用品/文具,礼品,古董文玩收藏品
古董/邮币/字画/收藏,烟具/酒具,礼品,古董文玩收藏品
古董/邮币/字画/收藏,趣味收藏,礼品,古董文玩收藏品
古董/邮币/字画/收藏,邮品,礼品,古董文玩收藏品
古董/邮币/字画/收藏,金石篆刻,礼品,古董文玩收藏品
古董/邮币/字画/收藏,钱币,礼品,古董文玩收藏品
合约机,合约机,家用电器,手机
咖啡/麦片/冲饮,乳制品,食品饮料,冲调保健
咖啡/麦片/冲饮,天然粉粉食品,食品饮料,冲调保健
咖啡/麦片/冲饮,成人奶粉,食品饮料,冲调保健
咖啡/麦片/冲饮,藕粉/麦片/冲饮品,食品饮料,冲调保健
咖啡/麦片/冲饮,速溶咖啡/咖啡豆/粉,食品饮料,冲调保健
咖啡/麦片/冲饮,饮料,食品饮料,牛奶乳品酒类饮料
大家电,冰箱,家用电器,冰箱
大家电,冷柜/便携冷热箱,家用电器,冰箱
大家电,大家电配件,家用电器,配件
大家电,洗衣机,家用电器,洗衣机
大家电,热水器,家用电器,热水器
大家电,空调,家用电器,空调
女士内衣/男士内衣/家居服,乳贴,内衣,女装/男装/内衣
女士内衣/男士内衣/家居服,保暖上装,内衣,女装/男装/内衣
女士内衣/男士内衣/家居服,保暖套装,内衣,女装/男装/内衣
女士内衣/男士内衣/家居服,保暖裤,内衣,女装/男装/内衣
女士内衣/男士内衣/家居服,内裤,内衣,女装/男装/内衣
女士内衣/男士内衣/家居服,吊带/背心/T恤,内衣,女装/男装/内衣
女士内衣/男士内衣/家居服,吊袜带,内衣,女装/男装/内衣
女士内衣/男士内衣/家居服,塑身上衣,内衣,女装/男装/内衣
女士内衣/男士内衣/家居服,塑身分体套装,内衣,女装/男装/内衣
女士内衣/男士内衣/家居服,塑身美体裤,内衣,女装/男装/内衣
女士内衣/男士内衣/家居服,塑身连体衣,内衣,女装/男装/内衣
女士内衣/男士内衣/家居服,抹胸,内衣,女装/男装/内衣
女士内衣/男士内衣/家居服,插片/胸垫,内衣,女装/男装/内衣
女士内衣/男士内衣/家居服,搭扣,内衣,女装/男装/内衣
女士内衣/男士内衣/家居服,文胸,内衣,女装/男装/内衣
女士内衣/男士内衣/家居服,文胸套装,内衣,女装/男装/内衣
女士内衣/男士内衣/家居服,睡衣/家居服套装,内衣,女装/男装/内衣
女士内衣/男士内衣/家居服,睡衣上装,内衣,女装/男装/内衣
女士内衣/男士内衣/家居服,睡袍/浴袍,内衣,女装/男装/内衣
女士内衣/男士内衣/家居服,睡裙,内衣,女装/男装/内衣
女士内衣/男士内衣/家居服,睡裤/家居裤,内衣,女装/男装/内衣
女士内衣/男士内衣/家居服,短袜/打底袜/丝袜/美腿袜,内衣,女装/男装/内衣
女士内衣/男士内衣/家居服,肚兜,内衣,女装/男装/内衣
女士内衣/男士内衣/家居服,肩带,内衣,女装/男装/内衣
女装/女士精品,T恤,女装,女上装
女装/女士精品,中老年女装,女装,其他女装
女装/女士精品,半身裙,女装,女下装
女装/女士精品,卫衣/绒衫,女装,女冬装
女装/女士精品,唐装/民族服装/舞台服装,女装,其他女装
女装/女士精品,大码女装,女装,其他女装
女装/女士精品,套装/学生校服/工作制服,女装,其他女装
女装/女士精品,婚纱/旗袍/礼服,女装,其他女装
女装/女士精品,抹胸,女装,其他女装
女装/女士精品,棉衣/棉服,女装,女冬装
女装/女士精品,毛呢外套,女装,女冬装
女装/女士精品,毛衣,女装,女冬装
女装/女士精品,毛针织衫,女装,女冬装
女装/女士精品,牛仔裤,女装,女下装
女装/女士精品,皮草,女装,女冬装
女装/女士精品,皮衣,女装,女冬装
女装/女士精品,短外套,女装,女冬装
女装/女士精品,羽绒服,女装,女冬装
女装/女士精品,背心吊带,女装,女上装
女装/女士精品,蕾丝衫/雪纺衫,女装,女上装
女装/女士精品,衬衫,女装,女上装
女装/女士精品,裤子,女装,女下装
女装/女士精品,西装,女装,其他女装
女装/女士精品,连衣裙,女装,女夏装
女装/女士精品,风衣,女装,女夏装
女装/女士精品,马夹,女装,女夏装
女鞋,低帮鞋,女鞋,春夏款
女鞋,凉鞋,女鞋,春夏款
女鞋,帆布鞋,女鞋,春夏款
女鞋,拖鞋,女鞋,春夏款
女鞋,靴子,女鞋,春夏款
女鞋,高帮鞋,女鞋,春夏款
奶粉/辅食/营养品/零食,其它,母婴用品,奶粉辅食
奶粉/辅食/营养品/零食,婴幼儿牛奶粉,母婴用品,奶粉辅食
奶粉/辅食/营养品/零食,婴幼儿羊奶粉,母婴用品,奶粉辅食
奶粉/辅食/营养品/零食,婴幼儿营养品,母婴用品,奶粉辅食
奶粉/辅食/营养品/零食,婴幼儿调味品（新）,母婴用品,奶粉辅食
奶粉/辅食/营养品/零食,婴幼儿辅食,母婴用品,奶粉辅食
奶粉/辅食/营养品/零食,婴幼儿零食（新）,母婴用品,奶粉辅食
奶粉/辅食/营养品/零食,特殊配方奶粉,母婴用品,奶粉辅食
婚庆/摄影/摄像服务,其它摄影服务,母婴用品,奶粉辅食
孕妇装/孕产妇用品/营养,产妇帽/孕妇袜/孕妇鞋,母婴用品,孕妇专区
孕妇装/孕产妇用品/营养,哺乳文胸/内裤/产检裤,母婴用品,孕妇专区
孕妇装/孕产妇用品/营养,妈妈产前产后用品,母婴用品,孕妇专区
孕妇装/孕产妇用品/营养,孕产妇奶粉,母婴用品,孕妇专区
孕妇装/孕产妇用品/营养,孕产妇护肤/洗护/祛纹,母婴用品,孕妇专区
孕妇装/孕产妇用品/营养,孕产妇营养品,母婴用品,孕妇专区
孕妇装/孕产妇用品/营养,孕妇装,母婴用品,孕妇专区
孕妇装/孕产妇用品/营养,孕妇裤/托腹裤,母婴用品,孕妇专区
孕妇装/孕产妇用品/营养,家居服/哺乳装/秋衣裤,母婴用品,孕妇专区
孕妇装/孕产妇用品/营养,月子营养,母婴用品,孕妇专区
孕妇装/孕产妇用品/营养,束缚带/塑身衣/盆骨矫正带,母婴用品,孕妇专区
家居饰品,创意饰品,家居用品,家具灯具建材
家居饰品,壁饰,家居用品,家具灯具建材
家居饰品,家居钟饰/闹钟,家居用品,家具灯具建材
家居饰品,摆件,家居用品,家具灯具建材
家居饰品,照片/照片墙,家居用品,家具灯具建材
家居饰品,相框/画框,家居用品,家具灯具建材
家居饰品,花瓶/花器/仿真花/仿真饰品,家居用品,家具灯具建材
家居饰品,蜡烛/烛台,家居用品,家具灯具建材
家居饰品,装饰器皿,家居用品,家具灯具建材
家居饰品,装饰挂牌,家居用品,家具灯具建材
家居饰品,装饰挂钩,家居用品,家具灯具建材
家居饰品,装饰架/装饰搁板,家居用品,家具灯具建材
家居饰品,装饰画,家居用品,家具灯具建材
家居饰品,贴饰,家居用品,家具灯具建材
家居饰品,雕刻工艺,家居用品,家具灯具建材
家居饰品,风铃及配件,家居用品,家具灯具建材
家居饰品,香薰炉,家居用品,家具灯具建材
家庭/个人清洁工具,个人洗护清洁用具,家居用品,整理收纳
家庭/个人清洁工具,卫浴用具/卫浴配件,家居用品,整理收纳
家庭/个人清洁工具,家务/地板清洁用具,家居用品,整理收纳
家庭保健,康复辅助,医药保健,保健器械
家庭保健,急救护理,医药保健,护理护具
家庭保健,普通诊察,医药保健,中西药品
家庭保健,计生避孕,医药保健,成人用品
家装主材,光源,家居用品,家具灯具建材
家装主材,其它,家居用品,家具灯具建材
家装主材,卫浴用品,家居用品,家具灯具建材
家装主材,厨房,家居用品,家具灯具建材
家装主材,地板,家居用品,家具灯具建材
家装主材,墙纸,家居用品,家具灯具建材
家装主材,晾衣架/晾衣杆,家居用品,家具灯具建材
家装主材,灯具灯饰,家居用品,家具灯具建材
家装主材,环保/除味/保养,家居用品,家具灯具建材
家装主材,瓷砖,家居用品,家具灯具建材
家装主材,背景墙软包/床头套/工艺软包,家居用品,家具灯具建材
尿片/洗护/喂哺/推车床,儿童房/桌椅/家具,母婴用品,哺育喂养
尿片/洗护/喂哺/推车床,其它婴童用品,母婴用品,哺育喂养
尿片/洗护/喂哺/推车床,奶嘴/奶嘴相关,母婴用品,哺育喂养
尿片/洗护/喂哺/推车床,奶瓶/奶瓶相关,母婴用品,哺育喂养
尿片/洗护/喂哺/推车床,婴儿手推车/学步车,母婴用品,哺育喂养
尿片/洗护/喂哺/推车床,宝宝洗浴护肤品,母婴用品,哺育喂养
尿片/洗护/喂哺/推车床,布尿裤/尿垫,母婴用品,哺育喂养
尿片/洗护/喂哺/推车床,水杯/餐具/研磨/附件,母婴用品,哺育喂养
尿片/洗护/喂哺/推车床,消毒/吸奶器/小家电,母婴用品,哺育喂养
尿片/洗护/喂哺/推车床,清洁液/洗衣液/柔顺剂,母婴用品,哺育喂养
尿片/洗护/喂哺/推车床,湿巾,母婴用品,哺育喂养
尿片/洗护/喂哺/推车床,牙胶/牙刷/牙膏,母婴用品,哺育喂养
尿片/洗护/喂哺/推车床,理发/指甲钳/量温等护理小用品,母婴用品,哺育喂养
尿片/洗护/喂哺/推车床,睡袋/凉席/枕头/床品,母婴用品,哺育喂养
尿片/洗护/喂哺/推车床,纸尿裤/拉拉裤/纸尿片,母婴用品,哺育喂养
尿片/洗护/喂哺/推车床,背带/学步带/出行用品,母婴用品,哺育喂养
尿片/洗护/喂哺/推车床,防撞/提醒/安全/保护,母婴用品,哺育喂养
尿片/洗护/喂哺/推车床,驱蚊退烧用品,母婴用品,哺育喂养
居家布艺,十字绣及工具配件,家居用品,床上用品家纺
居家布艺,地垫,家居用品,床上用品家纺
居家布艺,地毯,家居用品,床上用品家纺
居家布艺,坐垫/椅垫/沙发垫,家居用品,床上用品家纺
居家布艺,布料/面料/手工diy布料面料,家居用品,床上用品家纺
居家布艺,窗帘门帘及配件,家居用品,床上用品家纺
居家布艺,缝纫DIY材料、工具及成品,家居用品,床上用品家纺
居家布艺,防尘保护罩,家居用品,床上用品家纺
居家布艺,靠垫/抱枕,家居用品,床上用品家纺
居家布艺,餐桌布艺,家居用品,床上用品家纺
居家日用,伞/雨具/防雨/防潮,家居用品,床上用品家纺
居家日用,保暖贴/怀炉/保暖用品,家居用品,床上用品家纺
居家日用,创意礼品,家居用品,床上用品家纺
居家日用,台历,家居用品,床上用品家纺
居家日用,家居健康用品,家居用品,床上用品家纺
居家日用,家居智能设备,家居用品,床上用品家纺
居家日用,家用五金工具,家居用品,床上用品家纺
居家日用,扇/迷你风扇/配件/冰垫/冰贴,家居用品,床上用品家纺
居家日用,毛巾/浴巾/浴袍,家居用品,床上用品家纺
居家日用,热水袋,家居用品,床上用品家纺
居家日用,美体/塑身塑形/增高用具,家居用品,床上用品家纺
居家日用,防护用品,家居用品,床上用品家纺
居家日用,鞋用品,家居用品,床上用品家纺
居家日用,香包/香囊,家居用品,床上用品家纺
居家日用,香薰用品,家居用品,床上用品家纺
居家日用,驱虫用品,家居用品,床上用品家纺
平板电脑/MID,平板电脑/MID,电脑办公,电脑
床上用品,休闲毯/毛毯/绒毯,家居用品,床上用品家纺
床上用品,儿童床品,家居用品,床上用品家纺
床上用品,其它,家居用品,床上用品家纺
床上用品,凉席/竹席/藤席/草席/牛皮席,家居用品,床上用品家纺
床上用品,床单,家居用品,床上用品家纺
床上用品,床品套件/四件套/多件套,家居用品,床上用品家纺
床上用品,床品定制/定做(新),家居用品,床上用品家纺
床上用品,床垫/床褥/床护垫/榻榻米床垫,家居用品,床上用品家纺
床上用品,床笠,家居用品,床上用品家纺
床上用品,床裙,家居用品,床上用品家纺
床上用品,枕头/枕芯/保健枕/颈椎枕,家居用品,床上用品家纺
床上用品,枕套,家居用品,床上用品家纺
床上用品,枕巾,家居用品,床上用品家纺
床上用品,被套,家居用品,床上用品家纺
床上用品,被子/蚕丝被/羽绒被/棉被,家居用品,床上用品家纺
彩妆/香水/美妆工具,BB霜,个护化妆,香水彩妆
彩妆/香水/美妆工具,CC霜,个护化妆,香水彩妆
彩妆/香水/美妆工具,假睫毛,个护化妆,香水彩妆
彩妆/香水/美妆工具,其他美容工具,个护化妆,香水彩妆
彩妆/香水/美妆工具,其它彩妆,个护化妆,香水彩妆
彩妆/香水/美妆工具,唇彩/唇蜜,个护化妆,香水彩妆
彩妆/香水/美妆工具,唇笔/唇线笔,个护化妆,香水彩妆
彩妆/香水/美妆工具,唇膏/口红,个护化妆,香水彩妆
彩妆/香水/美妆工具,彩妆套装,个护化妆,香水彩妆
彩妆/香水/美妆工具,彩妆盘,个护化妆,香水彩妆
彩妆/香水/美妆工具,指甲油/美甲产品（新）,个护化妆,香水彩妆
彩妆/香水/美妆工具,眉笔/眉粉/眉膏,个护化妆,香水彩妆
彩妆/香水/美妆工具,眼影,个护化妆,香水彩妆
彩妆/香水/美妆工具,眼线,个护化妆,香水彩妆
彩妆/香水/美妆工具,睫毛膏/睫毛增长液,个护化妆,香水彩妆
彩妆/香水/美妆工具,粉底液/膏,个护化妆,香水彩妆
彩妆/香水/美妆工具,粉饼,个护化妆,香水彩妆
彩妆/香水/美妆工具,美甲工具,个护化妆,香水彩妆
彩妆/香水/美妆工具,腮红/胭脂,个护化妆,香水彩妆
彩妆/香水/美妆工具,蜜粉/散粉,个护化妆,香水彩妆
彩妆/香水/美妆工具,身体彩绘,个护化妆,香水彩妆
彩妆/香水/美妆工具,遮瑕,个护化妆,香水彩妆
彩妆/香水/美妆工具,阴影,个护化妆,香水彩妆
彩妆/香水/美妆工具,隔离/妆前,个护化妆,香水彩妆
彩妆/香水/美妆工具,香水,个护化妆,香水彩妆
彩妆/香水/美妆工具,高光,个护化妆,香水彩妆
影音电器,CD播放机,家用电器,影音电器
影音电器,MP3/MP4耳机,家用电器,影音电器
影音电器,其它影音产品,家用电器,影音电器
影音电器,影音家电配件,家用电器,影音电器
影音电器,手机耳机,家用电器,影音电器
影音电器,扩音器/录像机,家用电器,影音电器
影音电器,桌面音响/音箱,家用电器,影音电器
影音电器,电脑多媒体音箱,家用电器,影音电器
影音电器,耳机/耳麦,家用电器,影音电器
影音电器,蓝牙耳机,家用电器,影音电器
影音电器,随身听/便携视听/收音,家用电器,影音电器
影音电器,麦克风/话筒,家用电器,影音电器
成人用品/情趣用品,女用器具,医药保健,成人用品
成人用品/情趣用品,情趣内衣,医药保健,成人用品
成人用品/情趣用品,情趣用品,医药保健,成人用品
成人用品/情趣用品,男用器具,医药保健,成人用品
户外/登山/野营/旅行用品,专项户外运动装备,体育用品,户外装备
户外/登山/野营/旅行用品,军迷服饰/军迷用品,体育用品,户外装备
户外/登山/野营/旅行用品,刀具/多用工具,体育用品,户外装备
户外/登山/野营/旅行用品,垂钓装备,体育用品,户外装备
户外/登山/野营/旅行用品,户外休闲家具,体育用品,户外装备
户外/登山/野营/旅行用品,户外服装,体育用品,户外装备
户外/登山/野营/旅行用品,户外照明,体育用品,户外装备
户外/登山/野营/旅行用品,户外鞋靴,体育用品,户外装备
户外/登山/野营/旅行用品,旅行便携装备,体育用品,户外装备
户外/登山/野营/旅行用品,望远镜/夜视仪/户外眼镜,体育用品,户外装备
户外/登山/野营/旅行用品,洗漱清洁/护理用品,体育用品,户外装备
户外/登山/野营/旅行用品,炉具/餐具/野餐烧烤用品,体育用品,户外装备
户外/登山/野营/旅行用品,睡袋,体育用品,户外装备
户外/登山/野营/旅行用品,通讯/导航/户外表类,体育用品,户外装备
户外/登山/野营/旅行用品,防护/救生装备,体育用品,户外装备
户外/登山/野营/旅行用品,防潮垫/地席/枕头,体育用品,户外装备
户外/登山/野营/旅行用品,饮水用具/盛水容器,体育用品,户外装备
手机,手机,家用电器,手机
手机号码/套餐/增值业务,新入网手机号套餐,家用电器,手机
手机号码/套餐/增值业务,有线宽带,家用电器,手机
手表,国产腕表,礼品,手表眼镜
手表,怀表,礼品,手表眼镜
手表,日韩腕表,礼品,手表眼镜
手表,欧美腕表,礼品,手表眼镜
收纳整理,家庭收纳用具,家居用品,整理收纳
收纳整理,家庭整理用具,家居用品,整理收纳
收纳整理,家庭防尘用具,家居用品,整理收纳
收纳整理,衣物洗/晒/护理用具,家居用品,整理收纳
数码相机/单反相机/摄像机,单反镜头,家用电器,数码相机
数码相机/单反相机/摄像机,普通数码相机,家用电器,数码相机
智能设备,智能家庭,智能设备,智能设备
智能设备,智能手环,智能设备,智能设备
智能设备,智能眼镜/VR头盔,智能设备,智能设备
服饰配件/皮带/帽子/围巾,其他配件,男女装,男女装配件
服饰配件/皮带/帽子/围巾,制衣面料,男女装,男女装配件
服饰配件/皮带/帽子/围巾,围巾/丝巾/披肩,男女装,男女装配件
服饰配件/皮带/帽子/围巾,围巾/手套/帽子套件,男女装,男女装配件
服饰配件/皮带/帽子/围巾,婚纱礼服配件,男女装,男女装配件
服饰配件/皮带/帽子/围巾,帽子,男女装,男女装配件
服饰配件/皮带/帽子/围巾,手套,男女装,男女装配件
服饰配件/皮带/帽子/围巾,耳套,男女装,男女装配件
服饰配件/皮带/帽子/围巾,腰带/皮带/腰链,男女装,男女装配件
服饰配件/皮带/帽子/围巾,袖扣,男女装,男女装配件
服饰配件/皮带/帽子/围巾,运动首饰,男女装,男女装配件
服饰配件/皮带/帽子/围巾,鞋包/皮带配件,男女装,男女装配件
服饰配件/皮带/帽子/围巾,领部配件,男女装,男女装配件
汽车/用品/配件/改装,汽车GPS导航仪及配件,汽车用品,汽车装饰
汽车/用品/配件/改装,汽车外饰品/加装装潢/防护,汽车用品,汽车装饰
汽车/用品/配件/改装,汽车影音/车用电子/电器,汽车用品,汽车装饰
汽车/用品/配件/改装,汽车用品/内饰品,汽车用品,汽车装饰
汽车/用品/配件/改装,汽车美容/保养/维修,汽车用品,汽车装饰
汽车/用品/配件/改装,汽车零配件,汽车用品,维护保养
汽车/用品/配件/改装,车用清洗用品/清洗工具,汽车用品,车载电器
洗护清洁剂/卫生巾/纸/香薰,卫生巾/护垫/成人尿裤,家居用品,卫浴用品
洗护清洁剂/卫生巾/纸/香薰,室内除臭/芳香用品,家居用品,卫浴用品
洗护清洁剂/卫生巾/纸/香薰,家庭环境清洁剂,家居用品,卫浴用品
洗护清洁剂/卫生巾/纸/香薰,家私/皮具护理品,家居用品,卫浴用品
洗护清洁剂/卫生巾/纸/香薰,洗发沐浴/个人清洁,家居用品,卫浴用品
洗护清洁剂/卫生巾/纸/香薰,纸品/湿巾,家居用品,卫浴用品
洗护清洁剂/卫生巾/纸/香薰,衣物清洁剂/护理剂,家居用品,卫浴用品
洗护清洁剂/卫生巾/纸/香薰,香熏用品,家居用品,卫浴用品
洗护清洁剂/卫生巾/纸/香薰,驱虫用品,家居用品,卫浴用品
流行男鞋,低帮鞋,流行男鞋,春夏款
流行男鞋,凉鞋,流行男鞋,春夏款
流行男鞋,帆布鞋,流行男鞋,春夏款
流行男鞋,拖鞋,流行男鞋,春夏款
流行男鞋,雨鞋,流行男鞋,春夏款
流行男鞋,靴子,流行男鞋,春夏款
流行男鞋,高帮鞋,流行男鞋,春夏款
特色手工艺,其他特色工艺品,礼品,古董文玩收藏品
特色手工艺,地区民间特色手工艺,礼品,古董文玩收藏品
特色手工艺,宗教工艺品,礼品,古董文玩收藏品
特色手工艺,海外工艺品,礼品,古董文玩收藏品
玩具/童车/益智/积木/模型,串珠/拼图/配对/拆装/敲打玩具,玩具,玩具
玩具/童车/益智/积木/模型,仿真/过家家玩具,玩具,玩具
玩具/童车/益智/积木/模型,儿童包/背包/箱包,玩具,玩具
玩具/童车/益智/积木/模型,儿童机器人/变形/人偶玩具,玩具,玩具
玩具/童车/益智/积木/模型,儿童棋类/桌面游戏,玩具,玩具
玩具/童车/益智/积木/模型,儿童玩具枪,玩具,玩具
玩具/童车/益智/积木/模型,其它玩具,玩具,玩具
玩具/童车/益智/积木/模型,娃娃/配件,玩具,玩具
玩具/童车/益智/积木/模型,学习/实验/绘画文具,玩具,玩具
玩具/童车/益智/积木/模型,宝宝纪念品/个性产品,玩具,玩具
玩具/童车/益智/积木/模型,幼儿响铃/布玩/安抚玩具,玩具,玩具
玩具/童车/益智/积木/模型,幼儿爬行/学步/健身,玩具,玩具
玩具/童车/益智/积木/模型,彩泥/粘土/软陶泥,玩具,玩具
玩具/童车/益智/积木/模型,悠悠(溜溜)球,玩具,玩具
玩具/童车/益智/积木/模型,户外运动/休闲/传统玩具,玩具,玩具
玩具/童车/益智/积木/模型,手工制作/创意DIY,玩具,玩具
玩具/童车/益智/积木/模型,早教/智能玩具,玩具,玩具
玩具/童车/益智/积木/模型,毛绒布艺类玩具,玩具,玩具
玩具/童车/益智/积木/模型,游乐/教学设备/大型设施,玩具,玩具
玩具/童车/益智/积木/模型,游泳池/戏水玩具,玩具,玩具
玩具/童车/益智/积木/模型,电动/遥控/惯性/发条玩具,玩具,玩具
玩具/童车/益智/积木/模型,电动/遥控玩具,玩具,玩具
玩具/童车/益智/积木/模型,电动遥控玩具零件/工具,玩具,玩具
玩具/童车/益智/积木/模型,电子/发光/充气/整蛊玩具,玩具,玩具
玩具/童车/益智/积木/模型,积木,玩具,玩具
玩具/童车/益智/积木/模型,童车/儿童轮滑,玩具,玩具
玩具/童车/益智/积木/模型,绘画类用品,玩具,玩具
玩具/童车/益智/积木/模型,解锁/迷宫/魔方/智力玩具,玩具,玩具
玩具/童车/益智/积木/模型,静态模型,玩具,玩具
玩具/童车/益智/积木/模型,音乐玩具/儿童乐器,玩具,玩具
珠宝/钻石/翡翠/黄金,K金首饰,礼品,珠宝首饰
珠宝/钻石/翡翠/黄金,其他天然玉石,礼品,珠宝首饰
珠宝/钻石/翡翠/黄金,和田玉,礼品,珠宝首饰
珠宝/钻石/翡翠/黄金,天然珍珠（新）,礼品,珠宝首饰
珠宝/钻石/翡翠/黄金,天然琥珀（新）,礼品,珠宝首饰
珠宝/钻石/翡翠/黄金,彩色宝石/贵重宝石,礼品,珠宝首饰
珠宝/钻石/翡翠/黄金,翡翠（新）,礼品,珠宝首饰
珠宝/钻石/翡翠/黄金,钻石首饰（新）,礼品,珠宝首饰
珠宝/钻石/翡翠/黄金,黄金首饰（新）,礼品,珠宝首饰
生活电器,其它生活家电,厨卫用具,厨卫小家电
生活电器,加湿器,厨卫用具,厨卫小家电
生活电器,吊扇,厨卫用具,厨卫小家电
生活电器,干衣机,厨卫用具,厨卫小家电
生活电器,干鞋器,厨卫用具,厨卫小家电
生活电器,扫地机器人,厨卫用具,厨卫小家电
生活电器,暖风机/取暖器,厨卫用具,厨卫小家电
生活电器,毛球修剪器,厨卫用具,厨卫小家电
生活电器,生活家电配件,厨卫用具,厨卫小家电
生活电器,电热毯,厨卫用具,厨卫小家电
生活电器,电熨斗,厨卫用具,厨卫小家电
生活电器,电话机(有绳/无绳/网络),厨卫用具,厨卫小家电
生活电器,电风扇,厨卫用具,厨卫小家电
生活电器,空气净化/氧吧,厨卫用具,厨卫小家电
生活电器,超声波清洗机,厨卫用具,厨卫小家电
电影/演出/体育赛事,演出话剧,生活,电影/演出/体育赛事
电玩/配件/游戏/攻略,DS/3DS专用配件,电脑办公,游戏设备
电玩/配件/游戏/攻略,PSP专用配件,电脑办公,游戏设备
电玩/配件/游戏/攻略,PSV专用配件,电脑办公,游戏设备
电玩/配件/游戏/攻略,PS主机专用配件,电脑办公,游戏设备
电玩/配件/游戏/攻略,WII/WIIU专用配件,电脑办公,游戏设备
电玩/配件/游戏/攻略,XBOX专用配件,电脑办公,游戏设备
电玩/配件/游戏/攻略,任天堂掌机配件,电脑办公,游戏设备
电玩/配件/游戏/攻略,家用游戏机,电脑办公,游戏设备
电玩/配件/游戏/攻略,摇杆,电脑办公,游戏设备
电玩/配件/游戏/攻略,游戏手柄,电脑办公,游戏设备
电玩/配件/游戏/攻略,游戏软件,电脑办公,游戏设备
电脑硬件/显示器/电脑周边,CPU,电脑办公,电脑配件外设
电脑硬件/显示器/电脑周边,声卡,电脑办公,电脑配件外设
电脑硬件/显示器/电脑周边,手写输入/绘图板,电脑办公,电脑配件外设
电脑硬件/显示器/电脑周边,散热器/风扇,电脑办公,电脑配件外设
电脑硬件/显示器/电脑周边,无线鼠标,电脑办公,电脑配件外设
电脑硬件/显示器/电脑周边,显示器&支架,电脑办公,电脑配件外设
电脑硬件/显示器/电脑周边,有线鼠标,电脑办公,电脑配件外设
电脑硬件/显示器/电脑周边,机箱,电脑办公,电脑配件外设
电脑硬件/显示器/电脑周边,电脑周边,电脑办公,电脑配件外设
电脑硬件/显示器/电脑周边,电脑视听配件,电脑办公,电脑配件外设
电脑硬件/显示器/电脑周边,键盘,电脑办公,电脑配件外设
电脑硬件/显示器/电脑周边,键鼠套装,电脑办公,电脑配件外设
男装,Polo衫,男装,男夏装
男装,T恤,男装,男夏装
男装,休闲裤,男装,男下装
男装,卫衣,男装,男上装
男装,夹克,男装,男上装
男装,套装,男装,其他男装
男装,棉衣,男装,男冬装
男装,棉裤,男装,男冬装
男装,毛呢大衣,男装,男冬装
男装,民族服装,男装,其他男装
男装,牛仔裤,男装,男下装
男装,皮衣,男装,男冬装
男装,皮裤,男装,男冬装
男装,羽绒服,男装,男冬装
男装,背心/马甲,男装,男上装
男装,衬衫,男装,男上装
男装,西服,男装,其他男装
男装,西服套装,男装,其他男装
男装,西裤,男装,其他男装
男装,针织衫/毛衣,男装,男冬装
男装,风衣,男装,男上装
童装/婴儿装/亲子装,T恤,童装,童装衣服
童装/婴儿装/亲子装,亲子装/亲子时装,童装,童装衣服
童装/婴儿装/亲子装,儿童内衣裤,童装,童装衣服
童装/婴儿装/亲子装,儿童家居服,童装,童装衣服
童装/婴儿装/亲子装,儿童旗袍/唐装/民族服装,童装,童装衣服
童装/婴儿装/亲子装,儿童泳装,童装,童装衣服
童装/婴儿装/亲子装,儿童演出服,童装,童装衣服
童装/婴儿装/亲子装,儿童袜子(0-16岁),童装,童装衣服
童装/婴儿装/亲子装,儿童配饰,童装,童装衣服
童装/婴儿装/亲子装,其它,童装,童装衣服
童装/婴儿装/亲子装,卫衣/绒衫,童装,童装衣服
童装/婴儿装/亲子装,反穿衣/罩衣,童装,童装衣服
童装/婴儿装/亲子装,外套/夹克/大衣,童装,童装衣服
童装/婴儿装/亲子装,套装,童装,童装衣服
童装/婴儿装/亲子装,帽子/围巾/口罩/手套/耳套/脚套,童装,童装衣服
童装/婴儿装/亲子装,披风/斗篷,童装,童装衣服
童装/婴儿装/亲子装,棉袄/棉服,童装,童装衣服
童装/婴儿装/亲子装,毛衣/针织衫,童装,童装衣服
童装/婴儿装/亲子装,羽绒服饰/羽绒内胆,童装,童装衣服
童装/婴儿装/亲子装,肚兜/肚围/护脐带,童装,童装衣服
童装/婴儿装/亲子装,背心吊带,童装,童装衣服
童装/婴儿装/亲子装,衬衫,童装,童装衣服
童装/婴儿装/亲子装,裙子(新),童装,童装衣服
童装/婴儿装/亲子装,裤子,童装,童装衣服
童装/婴儿装/亲子装,连身衣/爬服/哈衣,童装,童装衣服
童装/婴儿装/亲子装,马甲,童装,童装衣服
童鞋/婴儿鞋/亲子鞋,凉鞋,童装,童装衣服
童鞋/婴儿鞋/亲子鞋,学步鞋/婴儿步前鞋,童装,童装衣服
童鞋/婴儿鞋/亲子鞋,帆布鞋,童装,童装衣服
童鞋/婴儿鞋/亲子鞋,拖鞋,童装,童装衣服
童鞋/婴儿鞋/亲子鞋,棉鞋,童装,童装衣服
童鞋/婴儿鞋/亲子鞋,皮鞋,童装,童装衣服
童鞋/婴儿鞋/亲子鞋,舞蹈鞋,童装,童装衣服
童鞋/婴儿鞋/亲子鞋,运动鞋,童装,童装衣服
童鞋/婴儿鞋/亲子鞋,靴子/雪地靴,童装,童装衣服
童鞋/婴儿鞋/亲子鞋,鞋配件,童装,童装衣服
笔记本电脑,笔记本电脑,电脑办公,电脑
箱包皮具/热销女包/男包,卡包,箱包,钱包
箱包皮具/热销女包/男包,卡套,箱包,钱包
箱包皮具/热销女包/男包,双肩背包,箱包,双肩包
箱包皮具/热销女包/男包,女士包袋,箱包,女包
箱包皮具/热销女包/男包,手机包,箱包,男女包
箱包皮具/热销女包/男包,旅行箱,箱包,旅行包
箱包皮具/热销女包/男包,旅行袋,箱包,旅行包
箱包皮具/热销女包/男包,男士包袋,箱包,男包
箱包皮具/热销女包/男包,箱包相关配件,箱包,旅行包
箱包皮具/热销女包/男包,证件包,箱包,钱包
箱包皮具/热销女包/男包,钥匙包,箱包,钱包
箱包皮具/热销女包/男包,钱包,箱包,钱包
粮油米面/南北干货/调味品,其他食品,粮油副食,菌菇干货
粮油米面/南北干货/调味品,南北干货/肉类干货,粮油副食,菌菇干货
粮油米面/南北干货/调味品,方便速食,粮油副食,方便素食食品
粮油米面/南北干货/调味品,烘焙原料/辅料/食品添加剂-新,粮油副食,大米面粉
粮油米面/南北干货/调味品,米/面粉/杂粮,粮油副食,大米面粉
粮油米面/南北干货/调味品,调味品/果酱/沙拉,粮油副食,厨房调料
粮油米面/南北干货/调味品,食用油/调味油,粮油副食,食用油
网店/网络服务/软件,云计算,电脑办公,优惠券虚拟电子卡
网店/网络服务/软件,多媒体/摄影,电脑办公,优惠券虚拟电子卡
网店/网络服务/软件,物流服务,电脑办公,优惠券虚拟电子卡
网店/网络服务/软件,网络会员卡/付费卡,电脑办公,优惠券虚拟电子卡
网络店铺代金/优惠券,淘宝店铺优惠券,电脑办公,优惠券虚拟电子卡
网络店铺代金/优惠券,网络店铺代金券,电脑办公,优惠券虚拟电子卡
网络设备/网络相关,交换机,电脑办公,网络产品
网络设备/网络相关,其它网络相关,电脑办公,网络产品
网络设备/网络相关,电脑/网络工具,电脑办公,网络产品
网络设备/网络相关,网卡,电脑办公,网络产品
网络设备/网络相关,网络设备,电脑办公,网络产品
网络设备/网络相关,路由器,电脑办公,网络产品
网络设备/网络相关,路由器/猫/网卡配件,电脑办公,网络产品
美发护发/假发,假发,个人健康,美容美体
美发护发/假发,假发配件,个人健康,美容美体
美发护发/假发,头发造型,个人健康,美容美体
美发护发/假发,染发烫发,个人健康,美容美体
美发护发/假发,洗发护发（新）,个人健康,美容美体
美容护肤/美体/精油,T区护理（新）,个人护理,面部护肤
美容护肤/美体/精油,乳液/面霜,个人护理,面部护肤
美容护肤/美体/精油,其他保养,个人护理,面部护肤
美容护肤/美体/精油,化妆水/爽肤水,个人护理,面部护肤
美容护肤/美体/精油,卸妆,个人护理,面部护肤
美容护肤/美体/精油,唇部护理（新）,个人护理,面部护肤
美容护肤/美体/精油,手部保养（新）,个人护理,面部护肤
美容护肤/美体/精油,洁面,个人护理,面部护肤
美容护肤/美体/精油,男士护理（新）,个人护理,面部护肤
美容护肤/美体/精油,眼部护理（新）,个人护理,身体护理
美容护肤/美体/精油,精油芳疗,个人护理,身体护理
美容护肤/美体/精油,胸部护理（新）,个人护理,身体护理
美容护肤/美体/精油,足部护理,个人护理,身体护理
美容护肤/美体/精油,身体护理（新）,个人护理,身体护理
美容护肤/美体/精油,防晒,个人护理,面部护肤
美容护肤/美体/精油,面膜（新）,个人护理,面部护肤
美容护肤/美体/精油,面部护理套装,个人护理,面部护肤
美容护肤/美体/精油,面部按摩霜,个人护理,面部护肤
美容护肤/美体/精油,面部磨砂/去角质,个人护理,面部护肤
美容护肤/美体/精油,面部精华,个人护理,面部护肤
自行车/骑行装备/零配件,自行车/单车装备,体育用品,户外装备
自行车/骑行装备/零配件,自行车修车工具,体育用品,户外装备
自行车/骑行装备/零配件,自行车零/配件,体育用品,户外装备
自行车/骑行装备/零配件,骑行服饰/骑行装备,体育用品,户外装备
节庆用品/礼品,充气用品,礼品,工艺节日礼品
节庆用品/礼品,其它节庆用品,礼品,工艺节日礼品
节庆用品/礼品,创意礼品,礼品,工艺节日礼品
节庆用品/礼品,哨子,礼品,工艺节日礼品
节庆用品/礼品,喜字/剪纸/贴纸,礼品,工艺节日礼品
节庆用品/礼品,圣诞用品/礼品/装饰品,礼品,工艺节日礼品
节庆用品/礼品,婚庆布景/道具,礼品,工艺节日礼品
节庆用品/礼品,对联,礼品,工艺节日礼品
节庆用品/礼品,席位卡,礼品,工艺节日礼品
节庆用品/礼品,拉花,礼品,工艺节日礼品
节庆用品/礼品,挂饰/生肖挂饰,礼品,工艺节日礼品
节庆用品/礼品,文化创意用品,礼品,工艺节日礼品
节庆用品/礼品,新娘配件,礼品,工艺节日礼品
节庆用品/礼品,毛条,礼品,工艺节日礼品
节庆用品/礼品,气球/飘空气球,礼品,工艺节日礼品
节庆用品/礼品,灯,礼品,工艺节日礼品
节庆用品/礼品,灯笼,礼品,工艺节日礼品
节庆用品/礼品,礼花/礼炮,礼品,工艺节日礼品
节庆用品/礼品,礼金簿/签名册,礼品,工艺节日礼品
节庆用品/礼品,糖盒/糖盒配件,礼品,工艺节日礼品
节庆用品/礼品,红包/利是封,礼品,工艺节日礼品
节庆用品/礼品,节庆布艺用品,礼品,工艺节日礼品
节庆用品/礼品,蜡烛,礼品,工艺节日礼品
节庆用品/礼品,装扮用品,礼品,工艺节日礼品
节庆用品/礼品,装饰灯,礼品,工艺节日礼品
节庆用品/礼品,角色扮演类用品,礼品,工艺节日礼品
节庆用品/礼品,请柬,礼品,工艺节日礼品
节庆用品/礼品,贺卡/卡片,礼品,工艺节日礼品
节庆用品/礼品,面具,礼品,工艺节日礼品
茶,乌龙茶（新）,食品饮料,酒茶
茶,代用/花草/水果/再加工茶,食品饮料,酒茶
茶,普洱,食品饮料,酒茶
茶,白茶(新),食品饮料,酒茶
茶,红茶（新）,食品饮料,酒茶
茶,绿茶（新）,食品饮料,酒茶
运动/瑜伽/健身/球迷用品,乒乓球,体育用品,球类
运动/瑜伽/健身/球迷用品,冰球/速滑/冰上运动,体育用品,健身器械
运动/瑜伽/健身/球迷用品,急救用品,体育用品,健身器械
运动/瑜伽/健身/球迷用品,毽子/空竹/民间运动,体育用品,健身器械
运动/瑜伽/健身/球迷用品,游乐场/体育场馆设施,体育用品,健身器械
运动/瑜伽/健身/球迷用品,游泳,体育用品,健身器械
运动/瑜伽/健身/球迷用品,瑜伽,体育用品,健身器械
运动/瑜伽/健身/球迷用品,田径运动器材,体育用品,健身器械
运动/瑜伽/健身/球迷用品,篮球,体育用品,球类
运动/瑜伽/健身/球迷用品,网球,体育用品,球类
运动/瑜伽/健身/球迷用品,羽毛球,体育用品,球类
运动/瑜伽/健身/球迷用品,舞蹈/健美操/体操,体育用品,健身器械
运动/瑜伽/健身/球迷用品,足球,体育用品,球类
运动/瑜伽/健身/球迷用品,跆拳道/武术/搏击,体育用品,健身器械
运动/瑜伽/健身/球迷用品,跑步机/大型健身器械,体育用品,健身器械
运动/瑜伽/健身/球迷用品,踏步机/中小型健身器材,体育用品,健身器械
运动/瑜伽/健身/球迷用品,轮滑/滑板/极限运动,体育用品,健身器械
运动/瑜伽/健身/球迷用品,运动护具,体育用品,健身器械
运动/瑜伽/健身/球迷用品,飞镖/桌上足球/室内休闲,体育用品,健身器械
运动/瑜伽/健身/球迷用品,麻将/棋牌/益智类,体育用品,健身器械
运动包/户外包/配件,单肩背包,体育用品,运动服饰鞋包
运动包/户外包/配件,双肩背包,体育用品,运动服饰鞋包
运动包/户外包/配件,围巾/围脖,体育用品,运动服饰鞋包
运动包/户外包/配件,头巾/遮耳,体育用品,运动服饰鞋包
运动包/户外包/配件,手包,体育用品,运动服饰鞋包
运动包/户外包/配件,手套,体育用品,运动服饰鞋包
运动包/户外包/配件,挎包/拎包/休闲包,体育用品,运动服饰鞋包
运动包/户外包/配件,收纳配件包,体育用品,运动服饰鞋包
运动包/户外包/配件,旅行箱包,体育用品,运动服饰鞋包
运动包/户外包/配件,腰包,体育用品,运动服饰鞋包
运动包/户外包/配件,腰带,体育用品,运动服饰鞋包
运动包/户外包/配件,运动帽,体育用品,运动服饰鞋包
运动包/户外包/配件,运动袜,体育用品,运动服饰鞋包
运动包/户外包/配件,运动首饰,体育用品,运动服饰鞋包
运动包/户外包/配件,钱包卡套,体育用品,运动服饰鞋包
运动包/户外包/配件,防水箱包,体育用品,运动服饰鞋包
运动包/户外包/配件,防雨罩/背包配件,体育用品,运动服饰鞋包
运动包/户外包/配件,雨衣/雨裤/雨披,体育用品,运动服饰鞋包
运动包/户外包/配件,雪套/套脚,体育用品,运动服饰鞋包
运动服/休闲服装,健身服装,体育用品,运动服饰鞋包
运动服/休闲服装,运动T恤,体育用品,运动服饰鞋包
运动服/休闲服装,运动卫衣/套头衫,体育用品,运动服饰鞋包
运动服/休闲服装,运动套装,体育用品,运动服饰鞋包
运动服/休闲服装,运动棉衣,体育用品,运动服饰鞋包
运动服/休闲服装,运动球服,体育用品,运动服饰鞋包
运动服/休闲服装,运动羽绒服,体育用品,运动服饰鞋包
运动服/休闲服装,运动茄克/外套,体育用品,运动服饰鞋包
运动服/休闲服装,运动裙,体育用品,运动服饰鞋包
运动服/休闲服装,运动裤,体育用品,运动服饰鞋包
运动服/休闲服装,运动风衣,体育用品,运动服饰鞋包
运动服/休闲服装,运动马甲,体育用品,运动服饰鞋包
运动鞋new,其它运动鞋,体育用品,运动服饰鞋包
运动鞋new,帆布鞋,体育用品,运动服饰鞋包
运动鞋new,板鞋/休闲鞋,体育用品,运动服饰鞋包
运动鞋new,篮球鞋,体育用品,运动服饰鞋包
运动鞋new,跑步鞋,体育用品,运动服饰鞋包
酒类,其他酒类,食品饮料,酒茶
酒类,啤酒,食品饮料,酒茶
酒类,国产白酒,食品饮料,酒茶
酒类,洋酒,食品饮料,酒茶
酒类,葡萄酒,食品饮料,酒茶
闪存卡/U盘/存储/移动硬盘,U盘,电脑办公,电脑配件外设
闪存卡/U盘/存储/移动硬盘,闪存卡,电脑办公,电脑配件外设
零食/坚果/特产,奶酪/乳制品/,食品饮料,牛奶乳品酒类饮料
零食/坚果/特产,山核桃/坚果/炒货,食品饮料,坚果炒货蜜饯果干
零食/坚果/特产,巧克力,食品饮料,巧克力糖果
零食/坚果/特产,巧克力/DIY巧克力,食品饮料,巧克力糖果
零食/坚果/特产,牛肉干/猪肉脯/卤味零食,食品饮料,肉类豆制品
零食/坚果/特产,糕点/点心,食品饮料,饼干糕点
零食/坚果/特产,糖果零食/果冻/布丁,食品饮料,巧克力糖果
零食/坚果/特产,蜜饯/枣类/梅/果干,食品饮料,坚果炒货蜜饯果干
零食/坚果/特产,豆干制品/蔬菜干,食品饮料,肉类豆制品
零食/坚果/特产,饼干/膨化,食品饮料,饼干糕点
零食/坚果/特产,鱿鱼丝/鱼干/海味即食,食品饮料,肉类豆制品
餐饮具,一次性餐桌用品,厨卫用品,厨卫水具餐具酒具
餐饮具,保鲜容器/保鲜器皿,厨卫用品,厨卫水具餐具酒具
餐饮具,咖啡器具,厨卫用品,厨卫水具餐具酒具
餐饮具,杯子/水杯/水壶,厨卫用品,厨卫水具餐具酒具
餐饮具,茶具,厨卫用品,厨卫水具餐具酒具
餐饮具,酒壶/酒杯/酒具,厨卫用品,厨卫水具餐具酒具
餐饮具,餐具,厨卫用品,厨卫水具餐具酒具
饰品/流行首饰/时尚饰品新,DIY配件,礼品,珠宝首饰
饰品/流行首饰/时尚饰品新,佛珠/木质手串,礼品,珠宝首饰
饰品/流行首饰/时尚饰品新,保养鉴定用品,礼品,珠宝首饰
饰品/流行首饰/时尚饰品新,其它首饰,礼品,珠宝首饰
饰品/流行首饰/时尚饰品新,发饰,礼品,珠宝首饰
饰品/流行首饰/时尚饰品新,戒指/指环,礼品,珠宝首饰
饰品/流行首饰/时尚饰品新,手链,礼品,珠宝首饰
饰品/流行首饰/时尚饰品新,手镯,礼品,珠宝首饰
饰品/流行首饰/时尚饰品新,摆件,礼品,珠宝首饰
饰品/流行首饰/时尚饰品新,耳饰,礼品,珠宝首饰
饰品/流行首饰/时尚饰品新,胸针,礼品,珠宝首饰
饰品/流行首饰/时尚饰品新,脚链,礼品,珠宝首饰
饰品/流行首饰/时尚饰品新,项坠/吊坠,礼品,珠宝首饰
饰品/流行首饰/时尚饰品新,项链,礼品,珠宝首饰
饰品/流行首饰/时尚饰品新,首饰收纳,礼品,珠宝首饰
鲜花速递/花卉仿真/绿植园艺,仿真花/绿植/蔬果成品（新）,礼品,鲜花
鲜花速递/花卉仿真/绿植园艺,创意迷你植物,礼品,鲜花
鲜花速递/花卉仿真/绿植园艺,园艺用品,礼品,鲜花
鲜花速递/花卉仿真/绿植园艺,婚礼鲜花布置,礼品,鲜花
鲜花速递/花卉仿真/绿植园艺,庭院植物/行道树木/果树,礼品,鲜花
鲜花速递/花卉仿真/绿植园艺,花卉/绿植盆栽（新）,礼品,鲜花
鲜花速递/花卉仿真/绿植园艺,花卉/蔬果/草坪种子（新）,礼品,鲜花
鲜花速递/花卉仿真/绿植园艺,花瓶/花器/花盆/花架（新）,礼品,鲜花
鲜花速递/花卉仿真/绿植园艺,花艺包装/材料,礼品,鲜花
